POSTCODE,SUBURB,NMI#,INVERTER CAPACITY
4000,BRISBANE,8,316
4000,PETRIE TERRACE,75,319
4000,SPRING HILL,130,"1,231"
4005,NEW FARM,399,"2,193"
4005,TENERIFFE,139,794
4006,BOWEN HILLS,56,"1,229"
4006,FORTITUDE VALLEY,82,"2,747"
4006,HERSTON,119,615
4006,NEWSTEAD,24,294
4007,ASCOT,359,"2,346"
4007,HAMILTON,344,"2,204"
4008,PINKENBA,56,"1,110"
4009,EAGLE FARM,41,"6,214"
4010,ALBION,154,923
4011,CLAYFIELD,637,"3,359"
4011,HENDRA,508,"2,698"
4012,NUNDAH,637,"2,697"
4012,WAVELL HEIGHTS,"1,128","4,954"
4013,NORTHGATE,475,"3,437"
4014,BANYO,862,"4,159"
4014,NUDGEE,540,"2,369"
4014,NUDGEE BEACH,61,268
4014,VIRGINIA,334,"2,212"
4017,BRACKEN RIDGE,"2,665","10,580"
4017,BRIGHTON,"1,299","5,219"
4017,DEAGON,450,"1,883"
4017,SANDGATE,578,"2,598"
4017,SHORNCLIFFE,256,"1,129"
4018,FITZGIBBON,811,"3,028"
4018,TAIGUM,774,"4,123"
4019,CLONTARF,"1,175","5,842"
4019,MARGATE,786,"3,130"
4019,WOODY POINT,489,"2,018"
4020,NEWPORT,"1,030","5,162"
4020,REDCLIFFE,943,"3,995"
4020,SCARBOROUGH,"1,099","4,617"
4021,KIPPA-RING,"1,389","5,490"
4022,ROTHWELL,"1,001","4,268"
4030,KALINGA,213,"1,140"
4030,LUTWYCHE,141,688
4030,WINDSOR,490,"2,491"
4030,WOOLOOWIN,295,"1,285"
4031,GORDON PARK,366,"1,602"
4031,KEDRON,798,"4,313"
4032,CHERMSIDE,345,"2,906"
4032,CHERMSIDE WEST,841,"3,424"
4034,ASPLEY,"1,606","7,248"
4034,BOONDALL,"1,250","4,979"
4034,CARSELDINE,"1,365","5,925"
4034,GEEBUNG,629,"3,228"
4034,ZILLMERE,606,"2,832"
4035,ALBANY CREEK,"2,683","11,580"
4035,BRIDGEMAN DOWNS,"1,719","8,493"
4036,BALD HILLS,"1,046","4,431"
4037,EATONS HILL,"1,349","6,102"
4051,ALDERLEY,562,"2,729"
4051,ENOGGERA,416,"2,460"
4051,GAYTHORNE,168,656
4051,GRANGE,510,"2,422"
4051,NEWMARKET,399,"1,854"
4051,WILSTON,393,"1,862"
4053,EVERTON HILLS,826,"3,358"
4053,EVERTON PARK,891,"3,829"
4053,MCDOWALL,"1,063","4,560"
4053,MITCHELTON,859,"3,646"
4053,STAFFORD,499,"2,524"
4053,STAFFORD HEIGHTS,764,"3,183"
4054,ARANA HILLS,"1,042","4,091"
4054,KEPERRA,735,"2,728"
4055,BUNYA,394,"1,876"
4055,FERNY GROVE,844,"3,641"
4055,FERNY HILLS,"1,301","5,294"
4055,UPPER KEDRON,782,"3,549"
4059,KELVIN GROVE,319,"2,075"
4059,RED HILL,428,"1,998"
4060,ASHGROVE,"1,313","6,434"
4061,THE GAP,"2,332","9,981"
4064,MILTON,136,"2,077"
4064,PADDINGTON,704,"3,933"
4065,BARDON,984,"4,708"
4066,AUCHENFLOWER,351,"1,863"
4066,TOOWONG,527,"3,057"
4067,ST LUCIA,497,"3,692"
4068,CHELMER,403,"2,138"
4068,INDOOROOPILLY,896,"4,831"
4068,TARINGA,369,"1,857"
4069,BROOKFIELD,515,"2,904"
4069,CHAPEL HILL,"1,331","5,815"
4069,FIG TREE POCKET,582,"3,008"
4069,KENMORE,"1,234","5,621"
4069,KENMORE HILLS,389,"1,824"
4069,PINJARRA HILLS,73,872
4069,PULLENVALE,499,"3,135"
4069,UPPER BROOKFIELD,138,685
4070,ANSTEAD,245,"1,226"
4070,BELLBOWRIE,914,"4,243"
4070,MOGGILL,856,"3,949"
4073,SEVENTEEN MILE ROCKS,495,"2,865"
4073,SINNAMON PARK,"1,039","4,335"
4074,JAMBOREE HEIGHTS,451,"1,781"
4074,JINDALEE,768,"3,249"
4074,MIDDLE PARK,672,"2,704"
4074,MT OMMANEY,423,"2,016"
4074,RIVERHILLS,630,"2,603"
4074,SUMNER,168,"2,108"
4074,WESTLAKE,832,"3,425"
4075,CORINDA,547,"2,302"
4075,GRACEVILLE,548,"2,529"
4075,OXLEY,"1,074","4,546"
4075,SHERWOOD,477,"4,916"
4076,DARRA,554,"5,401"
4076,WACOL,140,"5,182"
4077,DOOLANDELLA,820,"3,285"
4077,DURACK,964,"3,852"
4077,INALA,"1,443","5,608"
4077,RICHLANDS,239,"2,771"
4078,ELLEN GROVE,233,942
4078,FOREST LAKE,"3,479","13,752"
4101,HIGHGATE HILL,353,"1,532"
4101,SOUTH BRISBANE,116,"1,862"
4101,WEST END,514,"2,512"
4102,DUTTON PARK,137,588
4102,WOOLLOONGABBA,339,"2,236"
4103,ANNERLEY,780,"3,226"
4103,FAIRFIELD,298,"1,241"
4104,YERONGA,510,"2,543"
4105,MOOROOKA,"1,006","4,301"
4105,TENNYSON,107,785
4105,YEERONGPILLY,150,732
4106,ROCKLEA,291,"5,011"
4107,SALISBURY,860,"4,819"
4108,ARCHERFIELD,122,"1,347"
4108,COOPERS PLAINS,706,"3,915"
4109,MACGREGOR,895,"3,754"
4109,ROBERTSON,641,"2,538"
4109,SUNNYBANK,"1,355","5,446"
4109,SUNNYBANK HILLS,"2,680","10,040"
4110,ACACIA RIDGE,885,"6,158"
4110,HEATHWOOD,799,"6,103"
4110,LARAPINTA,11,599
4110,PALLARA,433,"2,675"
4110,WILLAWONG,55,"2,992"
4111,NATHAN,107,445
4112,KURABY,"1,322","5,354"
4113,EIGHT MILE PLAINS,"2,059","9,819"
4113,RUNCORN,"1,734","6,073"
4114,KINGSTON,"1,007","4,334"
4114,LOGAN CENTRAL,470,"2,292"
4114,WOODRIDGE,908,"3,574"
4115,ALGESTER,"1,283","5,107"
4115,PARKINSON,"1,841","7,793"
4116,CALAMVALE,"2,369","9,778"
4116,DREWVALE,772,"3,129"
4116,STRETTON,903,"4,015"
4117,BERRINBA,243,"2,767"
4117,KARAWATHA,46,376
4118,BROWNS PLAINS,709,"3,091"
4118,FORESTDALE,501,"2,559"
4118,HERITAGE PARK,898,"3,866"
4118,HILLCREST,833,"3,795"
4118,REGENTS PARK,"1,788","7,158"
4119,UNDERWOOD,"1,102","6,254"
4120,GREENSLOPES,492,"2,328"
4120,STONES CORNER,69,382
4121,HOLLAND PARK,801,"3,552"
4121,HOLLAND PARK WEST,667,"2,819"
4121,TARRAGINDI,"1,239","5,525"
4122,MANSFIELD,"1,182","5,226"
4122,MT GRAVATT,309,"1,866"
4122,MT GRAVATT EAST,"1,078","4,342"
4122,UPPER MT GRAVATT,898,"3,750"
4122,WISHART,"1,457","5,762"
4123,ROCHEDALE,"1,125","7,540"
4123,ROCHEDALE SOUTH,"2,258","8,569"
4124,BORONIA HEIGHTS,"1,042","4,150"
4124,GREENBANK,"1,628","8,179"
4124,LYONS,2,6
4124,NEW BEITH,"1,145","6,073"
4125,MUNRUBEN,574,"2,661"
4125,PARK RIDGE,459,"2,818"
4125,PARK RIDGE SOUTH,342,"1,499"
4127,DAISY HILL,"1,008","4,297"
4127,PRIESTDALE,22,148
4127,SLACKS CREEK,"1,141","7,912"
4127,SPRINGWOOD,"1,268","6,866"
4128,SHAILER PARK,"1,928","8,206"
4128,TANAH MERAH,709,"2,881"
4129,LOGANHOLME,"1,005","5,290"
4130,CARBROOK,197,"1,084"
4130,CORNUBIA,"1,283","5,776"
4131,LOGANLEA,705,"2,825"
4131,MEADOWBROOK,473,"2,297"
4132,CRESTMEAD,"1,368","6,398"
4132,MARSDEN,"1,566","6,050"
4133,CHAMBERS FLAT,387,"1,933"
4133,LOGAN RESERVE,681,"3,322"
4133,WATERFORD,520,"2,614"
4133,WATERFORD WEST,938,"3,421"
4151,COORPAROO,"1,181","6,177"
4152,CAMP HILL,"1,214","5,514"
4152,CARINA,"1,070","4,423"
4152,CARINA HEIGHTS,532,"2,256"
4152,CARINDALE,"2,592","11,216"
4153,BELMONT,661,"2,963"
4154,GUMDALE,343,"1,859"
4154,RANSOME,69,384
4154,WAKERLEY,"1,293","5,882"
4155,CHANDLER,258,"1,872"
4156,BURBANK,190,"1,216"
4156,MACKENZIE,379,"1,650"
4157,CAPALABA,"2,842","12,516"
4157,SHELDON,270,"1,637"
4158,THORNESIDE,472,"1,798"
4159,BIRKDALE,"2,463","10,096"
4160,ORMISTON,"1,026","4,091"
4160,WELLINGTON POINT,"2,139","8,860"
4161,ALEXANDRA HILLS,"2,672","11,055"
4163,CLEVELAND,"2,115","10,059"
4164,THORNLANDS,"2,740","12,460"
4165,MOUNT COTTON,"1,130","5,124"
4165,REDLAND BAY,"2,812","12,294"
4165,VICTORIA POINT,"2,577","9,934"
4169,EAST BRISBANE,381,"2,119"
4169,KANGAROO POINT,132,941
4170,CANNON HILL,621,"3,613"
4170,MORNINGSIDE,804,"4,560"
4170,NORMAN PARK,565,"2,664"
4170,SEVEN HILLS,238,"1,289"
4171,BALMORAL,386,"1,905"
4171,BULIMBA,614,"3,538"
4171,HAWTHORNE,439,"2,320"
4172,MURARRIE,545,"3,351"
4173,TINGALPA,"1,229","5,765"
4174,HEMMANT,414,"2,595"
4178,LYTTON,16,567
4178,PORT OF BRISBANE,7,381
4178,WYNNUM,"1,587","6,821"
4178,WYNNUM WEST,"1,604","6,119"
4179,LOTA,442,"1,870"
4179,MANLY,518,"2,366"
4179,MANLY WEST,"1,695","7,086"
4183,AMITY,105,395
4183,DUNWICH,127,554
4183,NTH STRADBROKE ISLD,11,46
4183,POINT LOOKOUT,198,843
4184,COOCHIEMUDLO ISLAND,186,621
4184,KARRAGARRA ISLAND,81,276
4184,LAMB ISLAND,131,409
4184,MACLEAY ISLAND,726,"2,750"
4184,PERULPA ISLAND,12,41
4184,RUSSELL ISLAND,787,"2,968"
4205,BETHANIA,962,"4,126"
4207,ALBERTON,84,497
4207,BAHRS SCRUB,492,"2,519"
4207,BANNOCKBURN,107,458
4207,BEENLEIGH,883,"4,789"
4207,BELIVAH,85,414
4207,BUCCAN,364,"1,904"
4207,CEDAR CREEK,141,739
4207,EAGLEBY,"1,164","4,934"
4207,EDENS LANDING,799,"3,093"
4207,HOLMVIEW,386,"1,793"
4207,KAIRABAH,1,13
4207,LOGAN VILLAGE,"1,056","5,242"
4207,LUSCOMBE,53,436
4207,MOUNT WARREN PARK,"1,013","4,043"
4207,STAPYLTON,106,"4,657"
4207,STEIGLITZ,153,648
4207,WINDAROO,494,"2,071"
4207,WOLFFDENE,52,292
4207,WOONGOOLBA,41,264
4207,YARRABILBA,619,"3,169"
4207,YATALA,353,"4,357"
4208,GILBERTON,3,15
4208,JACOBS WELL,503,"2,659"
4208,KINGSHOLME,128,"1,046"
4208,NORWELL,29,140
4208,ORMEAU,"2,247","11,250"
4208,ORMEAU HILLS,645,"2,927"
4209,COOMERA,"1,446","10,686"
4209,PIMPAMA,"1,709","9,118"
4209,UPPER COOMERA,"3,402","16,597"
4209,WILLOW VALE,241,"1,331"
4210,GUANABA,157,885
4210,MAUDSLAND,"1,203","6,314"
4210,OXENFORD,"1,977","9,048"
4210,WONGAWALLAN,262,"1,471"
4211,ADVANCETOWN,103,697
4211,BEECHMONT,199,873
4211,BINNA BURRA,5,18
4211,CARRARA,"1,639","7,753"
4211,CLAGIRABA,119,640
4211,GAVEN,302,"1,515"
4211,GILSTON,419,"2,089"
4211,HIGHLAND PARK,986,"4,006"
4211,LOWER BEECHMONT,188,745
4211,MOUNT NATHAN,266,"1,529"
4211,NATURAL BRIDGE,21,109
4211,NERANG,"2,331","11,637"
4211,NUMINBAH VALLEY,28,173
4211,PACIFIC PINES,"2,253","9,966"
4212,HELENSVALE,"3,297","15,590"
4212,HOPE ISLAND,"1,727","10,197"
4213,AUSTINVILLE,55,320
4213,BONOGIN,794,"3,978"
4213,MUDGEERABA,"1,996","9,332"
4213,NERANWOOD,16,108
4213,SPRINGBROOK,135,561
4213,TALLAI,668,"3,348"
4213,WORONGARY,"1,018","4,658"
4214,ARUNDEL,"1,488","8,566"
4214,ASHMORE,"1,782","7,821"
4214,MOLENDINAR,"1,014","6,263"
4214,PARKWOOD,"1,307","5,333"
4215,LABRADOR,"1,269","5,253"
4215,SOUTHPORT,"1,816","10,059"
4216,BIGGERA WATERS,680,"3,166"
4216,COOMBABAH,"1,219","4,773"
4216,HOLLYWELL,449,"1,800"
4216,PARADISE POINT,912,"4,445"
4216,RUNAWAY BAY,"1,253","5,589"
4217,BENOWA,"1,340","6,560"
4217,BUNDALL,652,"3,679"
4217,MAIN BEACH,51,459
4217,SURFERS PARADISE,641,"3,787"
4218,BROADBEACH,11,110
4218,BROADBEACH WATERS,"1,244","6,079"
4218,MERMAID BEACH,320,"1,867"
4218,MERMAID WATERS,"1,656","7,425"
4220,BURLEIGH HEADS,"1,059","6,958"
4220,BURLEIGH WATERS,"2,040","10,091"
4220,MIAMI,599,"3,019"
4221,ELANORA,"2,083","8,432"
4221,PALM BEACH,"1,573","6,790"
4223,CURRUMBIN,288,"1,443"
4223,CURRUMBIN VALLEY,414,"1,831"
4223,CURRUMBIN WATERS,"1,502","6,543"
4224,TUGUN,633,"2,834"
4225,BILINGA,79,392
4225,COOLANGATTA,215,"1,114"
4226,CLEAR ISLAND WATERS,666,"3,038"
4226,MERRIMAC,692,"3,030"
4226,ROBINA,"2,799","12,303"
4227,REEDY CREEK,"1,098","5,173"
4227,VARSITY LAKES,"1,432","6,221"
4228,TALLEBUDGERA,602,"2,972"
4228,TALLEBUDGERA VALLEY,294,"1,533"
4270,TAMBORINE,789,"4,045"
4272,TAMBORINE MOUNTAIN,"1,379","6,150"
4275,BENOBBLE,3,25
4275,BIDDADDABA,33,295
4275,BOYLAND,156,913
4275,CANUNGRA,235,"1,262"
4275,FERNY GLEN,23,132
4275,FLYING FOX,7,27
4275,ILLINBAH,18,79
4275,SARABAH,6,25
4275,WITHEREN,84,424
4275,WONGLEPONG,69,309
4280,FLAGSTONE,"1,076","5,254"
4280,GLENLOGAN,220,"1,068"
4280,JIMBOOMBA,"1,327","7,154"
4280,NORTH MACLEAN,252,"1,221"
4280,RIVERBEND,123,592
4280,SOUTH MACLEAN,385,"1,823"
4280,STOCKLEIGH,233,"1,392"
4285,ALLENVIEW,30,267
4285,BEAUDESERT,785,"3,864"
4285,BIRNAM,8,32
4285,BROMELTON,23,222
4285,CAINBABLE,17,75
4285,CEDAR GROVE,409,"1,870"
4285,CEDAR VALE,544,"2,327"
4285,CHINGHEE CREEK,4,19
4285,CHRISTMAS CREEK,18,114
4285,CRYNA,24,162
4285,DARLINGTON,17,129
4285,GLENEAGLE,284,"1,314"
4285,HILLVIEW,21,179
4285,INNISPLAIN,15,78
4285,JOSEPHVILLE,25,140
4285,KAGARU,3,11
4285,KERRY,62,313
4285,KNAPP CREEK,11,42
4285,KOORALBYN,351,"1,488"
4285,LAMINGTON,31,186
4285,LARAVALE,22,93
4285,MOUNT GIPPS,1,4
4285,MUNDOOLUN,403,"2,023"
4285,NINDOOINBAH,13,97
4285,OAKY CREEK,25,133
4285,O'REILLY,1,3
4285,TABOOBA,18,82
4285,TAMROOKUM,14,268
4285,TAMROOKUM CREEK,1,5
4285,VERESDALE,72,470
4285,VERESDALE SCRUB,89,439
4285,WOODHILL,198,"1,085"
4287,BARNEY VIEW,15,46
4287,MT LINDESAY,1,5
4287,PALEN CREEK,24,137
4287,RATHDOWNEY,61,335
4287,RUNNING CREEK,19,182
4300,AUGUSTINE HEIGHTS,811,"3,830"
4300,BELLBIRD PARK,950,"4,172"
4300,BROOKWATER,502,"2,905"
4300,CAMIRA,"1,262","5,111"
4300,CAROLE PARK,31,"2,200"
4300,GAILES,190,716
4300,GOODNA,992,"4,350"
4300,SPRING MOUNTAIN,647,"3,753"
4300,SPRINGFIELD,"1,000","4,331"
4300,SPRINGFIELD CENTRAL,11,"1,533"
4300,SPRINGFIELD LAKES,"2,074","9,028"
4301,COLLINGWOOD PARK,"1,288","5,447"
4301,REDBANK,306,"2,120"
4301,REDBANK PLAINS,"2,017","8,630"
4303,DINMORE,100,411
4303,RIVERVIEW,293,"1,100"
4304,BLACKSTONE,187,738
4304,BOOVAL,300,"1,855"
4304,BUNDAMBA,839,"4,111"
4304,EBBW VALE,72,272
4304,NORTH BOOVAL,319,"1,261"
4304,SILKSTONE,491,"1,807"
4305,BASIN POCKET,130,500
4305,BRASSALL,"1,320","5,337"
4305,CHURCHILL,252,978
4305,COALFALLS,150,589
4305,EAST IPSWICH,291,"1,148"
4305,EASTERN HEIGHTS,464,"1,809"
4305,FLINDERS VIEW,937,"3,875"
4305,IPSWICH,246,"1,762"
4305,LEICHHARDT,321,"1,234"
4305,LIMESTONE RIDGES,14,68
4305,MOORES POCKET,230,617
4305,NEWTOWN,198,772
4305,NORTH IPSWICH,562,"2,307"
4305,NORTH TIVOLI,11,46
4305,ONE MILE,274,"1,077"
4305,RACEVIEW,"1,206","4,761"
4305,SADLIERS CROSSING,146,566
4305,TIVOLI,239,966
4305,WEST IPSWICH,54,874
4305,WOODEND,169,699
4305,WULKURAKA,151,782
4305,YAMANTO,803,"4,330"
4306,AMBERLEY,8,92
4306,BARELLAN POINT,251,"1,121"
4306,BLACKSOIL,24,161
4306,BORALLON,22,107
4306,CHUWAR,399,"1,929"
4306,DEEBING HEIGHTS,500,"2,528"
4306,DUNDAS,10,74
4306,ENGLAND CREEK,7,37
4306,FAIRNEY VIEW,42,191
4306,FERNVALE,665,"3,034"
4306,GLAMORGAN VALE,80,379
4306,GOOLMAN,9,53
4306,HAIGSLEA,86,490
4306,IRONBARK,83,367
4306,KARALEE,"1,037","5,490"
4306,KARANA DOWNS,604,"2,671"
4306,KARRABIN,74,368
4306,KHOLO,77,362
4306,LAKE MANCHESTER,5,23
4306,LARK HILL,11,40
4306,MOUNT CROSBY,335,"1,570"
4306,MT MARROW,23,94
4306,MUIRLEA,29,140
4306,PEAK CROSSING,191,991
4306,PINE MOUNTAIN,353,"1,561"
4306,PURGA,100,498
4306,RIPLEY,492,"2,622"
4306,SOUTH RIPLEY,463,"2,451"
4306,SPLIT YARD CREEK,6,27
4306,SWANBANK,2,24
4306,THAGOONA,248,"1,086"
4306,VERNOR,43,203
4306,WALLOON,369,"1,627"
4306,WANORA,50,242
4306,WASHPOOL,7,33
4306,WILLOWBANK,217,"1,018"
4306,WIVENHOE POCKET,95,456
4307,COLEYVILLE,42,231
4307,HARRISVILLE,117,545
4307,MUTDAPILLY,57,312
4307,RADFORD,2,6
4307,SILVERDALE,11,46
4307,WARRILL VIEW,38,212
4307,WILSONS PLAINS,14,86
4309,ARATULA,105,476
4309,CHARLWOOD,20,146
4309,CLUMBER,16,66
4309,FASSIFERN,3,10
4309,FASSIFERN VALLEY,12,77
4309,FRAZERVIEW,3,23
4309,KALBAR,207,971
4309,KENTS LAGOON,9,52
4309,KULGUN,13,72
4309,MILORA,25,129
4309,MOOGERAH,35,166
4309,MORWINCHA,4,17
4309,MOUNT EDWARDS,14,54
4309,MUNBILLA,25,107
4309,OBUM OBUM,25,123
4309,TAROME,27,123
4309,TEVIOTVILLE,16,63
4310,ALLANDALE,9,32
4310,ANTHONY,25,113
4310,BLANTYRE,8,36
4310,BOONAH,499,"2,175"
4310,BUNBURRA,15,45
4310,BUNJURGEN,29,158
4310,BURNETT CREEK,2,4
4310,CANNON CREEK,14,66
4310,CARNEYS CREEK,5,25
4310,COOCHIN,20,90
4310,COULSON,34,146
4310,CROFTBY,27,144
4310,DUGANDAN,105,418
4310,FRENCHES CREEK,16,78
4310,HOYA,68,295
4310,KENTS POCKET,2,14
4310,MAROON,26,148
4310,MILBONG,28,118
4310,MILFORD,40,163
4310,MOUNT FRENCH,11,40
4310,MT ALFORD,69,312
4310,ROADVALE,66,279
4310,TEMPLIN,17,57
4310,WALLACES CREEK,20,77
4310,WOOLOOMAN,2,6
4311,ATKINSONS DAM,28,199
4311,BRIGHTVIEW,194,905
4311,BUARABA,24,122
4311,CHURCHABLE,55,444
4311,CLARENDON,46,268
4311,COOLANA,32,153
4311,COOMINYA,242,"1,113"
4311,LOCKYER WATERS,120,543
4311,LOWOOD,591,"2,759"
4311,MINDEN,278,"1,207"
4311,MOUNT TARAMPA,88,503
4311,PATRICK ESTATE,39,210
4311,PRENZLAU,80,348
4311,RIFLE RANGE,33,164
4311,TARAMPA,48,233
4311,WIVENHOE HILL,1,5
4312,BRYDEN,4,23
4312,COAL CREEK,18,75
4312,CROSSDALE,14,75
4312,ESK,425,"2,133"
4312,ESKDALE,9,45
4312,GLEN ESK,10,38
4312,MOOMBRA,4,25
4312,MOUNT HALLEN,127,603
4312,MURRUMBA,3,8
4312,REDBANK CREEK,25,108
4312,SOMERSET DAM,24,90
4313,BIARRA,49,262
4313,BRAEMORE,32,136
4313,CABOONBAH,2,33
4313,COOEEIMBARDI,3,15
4313,CRESSBROOK,53,348
4313,FULHAM,9,36
4313,GREGORS CREEK,19,108
4313,IVORY CREEK,13,57
4313,LOWER CRESSBROOK,6,67
4313,MOUNT BEPPO,31,127
4313,OTTABA,12,59
4313,SCRUB CREEK,2,10
4313,TOOGOOLAWAH,274,"1,189"
4313,YIMBUN,2,7
4314,AVOCA VALE,7,41
4314,COLINTON,10,49
4314,HARLIN,31,186
4314,LINVILLE,25,81
4314,MOORE,61,283
4314,MT STANLEY,2,10
4340,ASHWELL,17,76
4340,CALVERT,56,232
4340,EBENEZER,56,243
4340,GRANDCHESTER,80,330
4340,LANEFIELD,22,85
4340,LOWER MOUNT WALKER,36,243
4340,MERRYVALE,2,25
4340,MOORANG,12,113
4340,MOUNT FORBES,43,188
4340,MOUNT WALKER,17,95
4340,MT MORT,17,122
4340,MT WALKER WEST,3,15
4340,ROSEVALE,40,189
4340,ROSEWOOD,451,"1,849"
4340,TALLEGALLA,60,335
4340,THE BLUFF,5,18
4340,WOOLSHED,2,10
4341,BLENHEIM,55,218
4341,HATTON VALE,414,"2,048"
4341,KENSINGTON GROVE,468,"2,258"
4341,KENTVILLE,23,133
4341,LAIDLEY,480,"2,175"
4341,LAIDLEY CREEK WEST,33,142
4341,LAIDLEY HEIGHTS,312,"1,366"
4341,LAIDLEY NORTH,56,228
4341,LAIDLEY SOUTH,47,246
4341,MOUNT BERRYMAN,17,59
4341,MULGOWIE,41,276
4341,PLAINLAND,412,"2,014"
4341,REGENCY DOWNS,524,"2,322"
4341,SUMMERHOLM,106,450
4341,THORNTON,42,318
4341,TOWNSON,7,32
4342,CROWLEY VALE,20,169
4342,FOREST HILL,143,704
4342,GLEN CAIRN,23,140
4342,GLENORE GROVE,184,891
4342,LOCKROSE,112,481
4342,LYNFORD,4,23
4343,ADARE,186,946
4343,BLACK DUCK CREEK,2,8
4343,CAFFEY,9,56
4343,COLLEGE VIEW,9,35
4343,EAST HALDON,6,90
4343,FORDSDALE,12,38
4343,GATTON,919,"5,177"
4343,INGOLDSBY,10,99
4343,JUNCTION VIEW,6,61
4343,LAKE CLARENDON,64,376
4343,LAWES,2,"6,600"
4343,LEFTHAND BRANCH,21,87
4343,LOWER TENTHILL,44,427
4343,MORTON VALE,23,157
4343,MOUNT SYLVIA,13,124
4343,PLACID HILLS,171,779
4343,RINGWOOD,8,41
4343,ROCKSIDE,4,17
4343,ROPELEY,36,215
4343,SPRING CREEK,37,182
4343,UPPER TENTHILL,33,263
4343,VINEGAR HILL,10,68
4343,WOODBINE,3,58
4343,WOODLANDS,39,168
4344,CARPENDALE,18,101
4344,EGYPT,1,8
4344,FLAGSTONE CREEK,30,191
4344,HELIDON,179,948
4344,HELIDON SPA,84,494
4344,IREDALE,29,139
4344,LILYDALE,11,124
4344,LOCKYER,16,65
4344,REDWOOD,1,5
4344,ROCKMOUNT,11,67
4344,STOCKYARD,9,50
4344,UPPER FLAGSTONE,36,173
4346,MARBURG,214,"1,073"
4347,GRANTHAM,159,836
4347,MA MA CREEK,26,121
4347,MT WHITESTONE,25,170
4347,VERADILLA,28,172
4347,WINWILL,33,188
4350,BLUE MOUNTAIN HTS,8,24
4350,MIDDLE RIDGE,2,10
4350,PRINCE HENRY HEIGHTS,1,2
4352,BALLARD,15,68
4352,BLANCHVIEW,28,129
4352,DERRYMORE,9,33
4352,MURPHYS CREEK,119,516
4352,POSTMANS RIDGE,69,402
4352,SILVER RIDGE,31,139
4352,UPPER LOCKYER,99,473
4352,WITHCOTT,393,"1,992"
4359,WEST HALDON,7,53
4500,BRAY PARK,"1,610","6,463"
4500,BRENDALE,436,"5,425"
4500,CASHMERE,899,"4,467"
4500,CLEAR MOUNTAIN,137,761
4500,JOYNER,496,"2,350"
4500,STRATHPINE,"1,455","6,068"
4500,WARNER,"1,805","8,067"
4501,LAWNTON,803,"3,484"
4502,PETRIE,"1,407","5,821"
4503,DAKABIN,449,"1,975"
4503,GRIFFIN,"1,005","4,640"
4503,KALLANGUR,"2,651","11,015"
4503,KURWONGBAH,264,"1,377"
4503,MURRUMBA DOWNS,"1,608","6,921"
4503,WHITESIDE,132,590
4504,NARANGBA,"3,398","17,068"
4505,BURPENGARY,"2,527","11,666"
4505,BURPENGARY EAST,"1,599","7,571"
4506,MOORINA,78,407
4506,MORAYFIELD,"3,150","14,717"
4507,BANKSIA BEACH,"2,066","8,935"
4507,BELLARA,594,"2,068"
4507,BONGAREE,"1,571","6,226"
4507,WHITE PATCH,38,188
4507,WOORIM,328,"1,328"
4508,DECEPTION BAY,"2,649","11,204"
4509,MANGO HILL,"1,572","7,649"
4509,NORTH LAKES,"2,956","14,909"
4510,BEACHMERE,737,"3,307"
4510,BELLMERE,854,"3,573"
4510,CABOOLTURE,"3,980","24,710"
4510,CABOOLTURE SOUTH,845,"3,765"
4510,DONNYBROOK,158,779
4510,MELDALE,47,238
4510,MOODLU,59,297
4510,ROCKSBERG,47,295
4510,TOORBUL,205,840
4510,UPPER CABOOLTURE,841,"3,970"
4511,GODWIN BEACH,103,407
4511,NINGI,"1,066","4,945"
4511,SANDSTONE POINT,"1,014","3,383"
4512,BRACALBA,17,91
4512,WAMURAN,643,"3,553"
4512,WAMURAN BASIN,17,89
4514,BELLTHORPE,27,154
4514,CEDARTON,17,81
4514,COMMISSIONERS FLAT,3,10
4514,D'AGUILAR,288,"1,331"
4514,DELANEYS CREEK,282,"1,386"
4514,MOUNT ARCHER,71,357
4514,MOUNT DELANEY,8,31
4514,NEURUM,31,155
4514,STANMORE,77,442
4514,STONY CREEK,43,194
4514,VILLENEUVE,41,168
4514,WOODFORD,505,"2,463"
4515,HAZELDEAN,93,462
4515,JIMNA,11,48
4515,KILCOY,311,"1,378"
4515,MOUNT KILCOY,49,290
4515,ROYSTON,75,326
4515,SANDY CREEK,124,555
4515,SHEEP STATION CREEK,23,153
4515,WINYA,15,134
4515,WOOLMAR,90,645
4516,ELIMBAH,922,"5,092"
4517,BEERBURRUM,157,757
4518,GLASSHOUSE MOUNTAINS,"1,053","4,890"
4519,BEERWAH,"1,273","6,471"
4519,COOCHIN CREEK,17,124
4519,CROHAMHURST,45,195
4519,PEACHESTER,297,"1,349"
4520,ARMSTRONG CREEK,63,293
4520,CAMP MOUNTAIN,256,"1,291"
4520,CEDAR CREEK,123,648
4520,CLOSEBURN,110,614
4520,DRAPER,140,695
4520,ENOGGERA RESERVOIR,5,21
4520,HIGHVALE,350,"1,891"
4520,JOLLYS LOOKOUT,10,32
4520,KOBBLE CREEK,103,500
4520,MOUNT NEBO,48,167
4520,MOUNT SAMSON,123,755
4520,MT GLORIOUS,37,126
4520,SAMFORD VALLEY,671,"3,658"
4520,SAMFORD VILLAGE,207,872
4520,SAMSONVALE,100,490
4520,WIGHTS MOUNTAIN,154,744
4520,YUGAR,76,365
4521,CAMPBELLS POCKET,14,69
4521,DAYBORO,429,"2,069"
4521,KING SCRUB,66,332
4521,LACEYS CREEK,37,163
4521,MOUNT MEE,115,557
4521,MT PLEASANT,52,252
4521,OCEAN VIEW,210,950
4521,RUSH CREEK,21,96
4550,LANDSBOROUGH,733,"3,253"
4550,MOUNT MELLUM,83,340
4551,AROONA,681,"2,610"
4551,BARINGA,460,"2,956"
4551,BATTERY HILL,439,"1,593"
4551,BELLS CREEK,28,"1,165"
4551,CALOUNDRA,360,"1,740"
4551,CALOUNDRA WEST,"1,180","5,038"
4551,CORBOULD PARK,15,270
4551,CURRIMUNDI,"1,302","5,153"
4551,DICKY BEACH,294,"1,230"
4551,GOLDEN BEACH,773,"2,851"
4551,KINGS BEACH,66,319
4551,LITTLE MOUNTAIN,"2,095","7,908"
4551,MERIDAN PLAINS,601,"2,355"
4551,MOFFAT BEACH,420,"1,965"
4551,NIRIMBA,188,955
4551,PELICAN WATERS,"1,774","7,930"
4551,SHELLY BEACH,148,629
4552,BALD KNOB,55,275
4552,BALMORAL RIDGE,65,328
4552,BOOROOBIN,39,171
4552,CAMBROON,38,161
4552,CONONDALE,174,733
4552,CURRAMORE,42,178
4552,ELAMAN CREEK,16,84
4552,MALENY,907,"3,564"
4552,NORTH MALENY,184,797
4552,REESVILLE,124,523
4552,WITTA,266,"1,015"
4552,WOOTHA,54,287
4553,DIAMOND VALLEY,76,343
4553,GLENVIEW,244,"1,257"
4553,MOOLOOLAH VALLEY,659,"2,820"
4553,PALMVIEW,597,"3,428"
4554,EUDLO,184,853
4554,ILKLEY,124,671
4555,CHEVALLUM,86,455
4555,HUNCHY,112,534
4555,LANDERS SHOOT,42,196
4555,PALMWOODS,"1,102","4,473"
4556,BUDERIM,"4,715","20,232"
4556,FOREST GLEN,216,"1,928"
4556,KUNDA PARK,109,"1,488"
4556,MONS,185,973
4556,SIPPY DOWNS,"1,747","8,207"
4556,TANAWHA,201,"1,160"
4557,MOOLOOLABA,822,"3,804"
4557,MOUNTAIN CREEK,"1,664","7,209"
4558,KULUIN,363,"1,621"
4558,MAROOCHYDORE,"1,834","9,673"
4559,DIDDILLIBAH,260,"1,520"
4559,KIELS MOUNTAIN,121,590
4559,WEST WOOMBYE,195,921
4559,WOOMBYE,619,"3,057"
4560,BLI BLI,"1,897","7,790"
4560,BURNSIDE,452,"1,942"
4560,COES CREEK,262,"1,075"
4560,COOLOOLABIN,55,229
4560,DULONG,138,701
4560,FLAXTON,224,890
4560,HIGHWORTH,58,211
4560,IMAGE FLAT,83,487
4560,KIAMBA,32,147
4560,KULANGOOR,81,377
4560,KUREELPA,189,835
4560,MAPLETON,354,"1,374"
4560,MONTVILLE,255,"1,136"
4560,NAMBOUR,"1,406","5,868"
4560,PARKLANDS,33,149
4560,PERWILLOWEN,39,158
4560,ROSEMOUNT,339,"1,536"
4560,TOWEN MOUNTAIN,51,242
4561,BRIDGES,47,249
4561,MAROOCHY RIVER,317,"1,538"
4561,NINDERRY,226,"1,042"
4561,NORTH ARM,120,601
4561,VALDORA,148,"15,836"
4561,YANDINA,535,"3,467"
4561,YANDINA CREEK,169,942
4562,BELLI PARK,126,568
4562,DOONAN,669,"3,547"
4562,EERWAH VALE,122,587
4562,EUMUNDI,487,"2,413"
4562,VERRIERDALE,129,645
4562,WEYBA DOWNS,65,319
4563,BLACK MOUNTAIN,315,"1,392"
4563,CARTERS RIDGE,80,348
4563,COOROY,"1,037","4,993"
4563,COOROY MOUNTAIN,25,179
4563,LAKE MACDONALD,287,"1,315"
4563,RIDGEWOOD,73,338
4563,TINBEERWAH,238,"1,221"
4564,MARCOOLA,383,"1,690"
4564,MUDJIMBA,371,"1,622"
4564,PACIFIC PARADISE,329,"1,333"
4564,TWIN WATERS,699,"2,833"
4565,BOREEN POINT,103,370
4565,COOROIBAH,459,"2,405"
4565,COOTHARABA,157,819
4565,NOOSA NORTH SHORE,90,426
4565,RINGTAIL CREEK,41,211
4565,TEWANTIN,"1,863","7,705"
4566,NOOSAVILLE,"1,658","9,461"
4567,CASTAWAYS BEACH,141,660
4567,NOOSA HEADS,649,"3,506"
4567,SUNRISE BEACH,499,"2,218"
4567,SUNSHINE BEACH,359,"2,248"
4568,FEDERAL,57,263
4568,PINBARREN,93,414
4568,POMONA,598,"2,794"
4569,COORAN,320,"1,397"
4570,AMAMOOR,154,793
4570,AMAMOOR CREEK,1,5
4570,ANDERLEIGH,22,128
4570,ARALUEN,143,713
4570,BANKS POCKET,43,199
4570,BEENAAM VALLEY,12,54
4570,BELLA CREEK,9,33
4570,BELLS BRIDGE,16,78
4570,BOLLIER,40,188
4570,BROOLOO,61,247
4570,CALICO CREEK,31,177
4570,CANINA,71,277
4570,CEDAR POCKET,86,471
4570,CHATSWORTH,239,"1,145"
4570,COLES CREEK,7,45
4570,COONDOO,18,84
4570,CORELLA,8,34
4570,CURRA,2,10
4570,DAGUN,19,204
4570,DOWNSFIELD,20,78
4570,EAST DEEP CREEK,132,593
4570,FISHERMANS POCKET,13,68
4570,GILLDORA,9,93
4570,GLANMIRE,15,314
4570,GLASTONBURY,81,415
4570,GOOMBOORIAN,96,427
4570,GREENS CREEK,71,319
4570,GYMPIE,"1,460","7,944"
4570,IMBIL,181,873
4570,JONES HILL,173,763
4570,KANDANGA,97,538
4570,KANDANGA CREEK,28,124
4570,KIA ORA,29,145
4570,KYBONG,49,269
4570,LAGOON POCKET,35,189
4570,LAKE BORUMBA,1,5
4570,LANGSHAW,27,200
4570,LONG FLAT,11,71
4570,MARYS CREEK,18,121
4570,MCINTOSH CREEK,30,140
4570,MELAWONDI,7,31
4570,MONKLAND,161,"1,002"
4570,MOOLOO,37,238
4570,MOTHAR MOUNTAIN,113,533
4570,NAHRUNDA,44,166
4570,NEERDIE,24,97
4570,NEUSA VALE,7,37
4570,NORTH DEEP CREEK,81,649
4570,PIE CREEK,237,"1,087"
4570,ROSS CREEK,6,20
4570,SCRUBBY CREEK,14,64
4570,SOUTHSIDE,"1,039","4,738"
4570,TAMAREE,180,880
4570,TANDUR,30,116
4570,THE DAWN,113,542
4570,THE PALMS,220,938
4570,TOOLARA FOREST,1,30
4570,TRAVESTON,93,445
4570,TUCHEKOI,28,157
4570,TWO MILE,16,118
4570,UPPER GLASTONBURY,7,27
4570,UPPER KANDANGA,13,70
4570,VETERAN,186,842
4570,VICTORY HEIGHTS,66,287
4570,WALLU,24,127
4570,WIDGEE CROSSING NTH,2,5
4570,WIDGEE CROSSING STH,8,31
4570,WILSONS POCKET,29,160
4570,WOLVI,84,391
4570,WOONDUM,14,64
4571,COMO,8,36
4571,KIN KIN,154,741
4572,ALEXANDRA HEADLAND,326,"1,649"
4573,COOLUM BEACH,"1,221","5,931"
4573,MARCUS BEACH,146,601
4573,MOUNT COOLUM,566,"2,422"
4573,PEREGIAN BEACH,718,"3,381"
4573,PEREGIAN SPRINGS,"1,129","5,060"
4573,POINT ARKWRIGHT,30,121
4573,YAROOMBA,318,"1,414"
4574,COOLABINE,23,136
4574,GHEERULLA,36,180
4574,KENILWORTH,102,575
4574,KIDAMAN CREEK,18,89
4574,MOY POCKET,15,62
4574,OBI OBI,38,160
4575,BIRTINYA,278,"2,072"
4575,BOKARINA,325,"1,722"
4575,BUDDINA,557,"2,339"
4575,MINYAMA,553,"2,502"
4575,PARREARRA,897,"3,348"
4575,WARANA,637,"3,152"
4575,WURTULLA,"1,109","4,243"
4580,COOLOOLA COVE,781,"3,069"
4580,TIN CAN BAY,524,"1,972"
4581,RAINBOW BEACH,271,"1,261"
Grand Total,,"453,641","2,182,520"